behav_corr,ll_corr,ul_corr,vars
0.17124347388744354,0.11260960251092911,0.29852743446826935,Age
