percent_cov,lv
[55.29762],1
[44.702385],2
