perm_p,lv
0.028971028971028972,1
0.052947052947052944,2
