behav_corr,ll_corr,ul_corr,vars
0.61468303,0.5068962275981903,0.6985973715782166,Age
0.54272246,0.4125956743955612,0.6684273779392242,Prcsn_perceptiontest
