behav_corr,ll_corr,ul_corr,vars
0.38755283,0.2755740284919739,0.5568340122699738,Age
-0.5065238,-0.6646323502063751,-0.46274153888225555,Prcsn_perceptiontest
