behav_corr,ll_corr,ul_corr,vars
-0.30727592,-0.4915064126253128,0.03598179295659065,Age
-0.6864198,-0.8011136054992676,-0.6345793306827545,Prcsn_perceptiontest
