behav_corr,ll_corr,ul_corr,vars
-0.80873924,-0.8521118760108948,-0.739925354719162,Age
0.31836364,0.15278148651123047,0.5539705455303192,Prcsn_perceptiontest
