percent_cov,lv
[67.12318],1
[32.87682],2
