behav_corr,ll_corr,ul_corr,vars
0.19787204265594482,0.12697161734104156,0.3223123401403427,Prcsn_perceptiontest
