behav_corr,ll_corr,ul_corr,vars
0.29413893818855286,0.28325478732585907,0.42910005152225494,Age
