behav_corr,ll_corr,ul_corr,vars
-0.045672987,-0.2901144325733185,0.07346183061599731,Age
0.11962169,-0.08820528164505959,0.30445344746112823,Prcsn_perceptiontest
