percent_cov,lv
[87.55311],1
[12.446897],2
