behav_corr,ll_corr,ul_corr,vars
0.14857633,0.04885416105389595,0.28175386786460876,Age
0.1873631,0.09069734811782837,0.3056408315896988,Prcsn_perceptiontest
